{"cameraMode":{"drawMode":0,"name":"Shaded","section":"Shading Mode"},"sceneLighting":false,"audioPlay":false,"sceneViewState":{"m_AlwaysRefresh":false,"showFog":true,"showSkybox":false,"showFlares":true,"showImageEffects":true,"showParticleSystems":true,"showVisualEffectGraphs":true,"m_FxEnabled":true},"in2DMode":false,"pivot":{"x":-0.0001819133758544922,"y":0.4999987781047821,"z":-5.960464477539063e-8},"rotation":{"x":0.2069721519947052,"y":0.05456983298063278,"z":-0.011555412784218789,"w":0.9767499566078186},"size":3.0228748321533205,"orthographic":false}