{"cameraMode":{"drawMode":0,"name":"Shaded","section":"Shading Mode"},"sceneLighting":true,"audioPlay":false,"sceneViewState":{"m_AlwaysRefresh":false,"showFog":true,"showSkybox":true,"showFlares":true,"showImageEffects":true,"showParticleSystems":true,"showVisualEffectGraphs":true,"m_FxEnabled":true},"in2DMode":false,"pivot":{"x":-0.2422657012939453,"y":6.3058648109436039,"z":10.061180114746094},"rotation":{"x":0.3234313130378723,"y":-0.01419165451079607,"z":0.004850821103900671,"w":0.946115255355835},"size":1.8554784059524537,"orthographic":false}