{"cameraMode":{"drawMode":0,"name":"Shaded","section":"Shading Mode"},"sceneLighting":true,"audioPlay":false,"sceneViewState":{"m_AlwaysRefresh":false,"showFog":true,"showSkybox":true,"showFlares":true,"showImageEffects":true,"showParticleSystems":true,"showVisualEffectGraphs":true,"m_FxEnabled":true},"in2DMode":false,"pivot":{"x":11.884366035461426,"y":19.551145553588868,"z":232.8348846435547},"rotation":{"x":0.00293404096737504,"y":0.9893254637718201,"z":0.01744726672768593,"w":-0.14376692473888398},"size":12.726676940917969,"orthographic":false}